{"id":"5b0eac5a-50ba-4e01-8eb4-1767151d07f8","alias":"CloudDesignBoxPromotedLinksWebPart","componentType":"WebPart","version":"0.0.1","manifestVersion":2,"requiresCustomScript":false,"preconfiguredEntries":[{"groupId":"5c03119e-3074-46fd-976b-c60198311f70","group":{"default":"Other"},"title":{"default":"Promoted Links"},"description":{"default":"Displays promoted links like they did in classic mode (only better)!"},"officeFabricIconFontName":"Tiles","properties":{"description":"Cloud Design Box Promoted Links","imagelibraryname":"Promoted Links","tilecolour":"#a81735","tileanimation":true,"backgroundsize":"50%","showtitle":true,"webparttitle":"Promoted Links","setwidth":"150px","themecolour":true,"showaddbutton":true}}],"loaderConfig":{"entryModuleId":"cloud-design-box-promoted-links-web-part","internalModuleBaseUrls":["/SiteAssets/CDBPromotedLinks/"],"scriptResources":{"cloud-design-box-promoted-links-web-part":{"type":"path","path":"cloud-design-box-promoted-links-web-part_d74041e61bbc13655678aa00dd85384b.js"},"jquery":{"type":"path","path":"https://code.jquery.com/jquery-2.1.1.min.js","globalName":"jQuery"},"sp-pnp-js":{"type":"path","path":"https://cdnjs.cloudflare.com/ajax/libs/sp-pnp-js/3.0.2/pnp.min.js"},"CloudDesignBoxPromotedLinksWebPartStrings":{"defaultPath":"cdbpromotedlinks-clouddesignboxpromotedlinkswebpartstrings_en-us_765458216e451186e10982218c7e2d58.js","type":"localizedPath","paths":{}},"react":{"type":"component","version":"15.4.2","id":"0d910c1c-13b9-4e1c-9aa4-b008c5e42d7d"},"@microsoft/sp-webpart-base":{"type":"component","version":"1.3.0","id":"974a7777-0990-4136-8fa6-95d80114c2e0"},"@microsoft/sp-core-library":{"type":"component","version":"1.3.0","id":"7263c7d0-1d6a-45ec-8d85-d4d1d234171b"},"@microsoft/sp-lodash-subset":{"type":"component","version":"1.3.0","id":"73e1dc6c-8441-42cc-ad47-4bd3659f8a3a"},"@microsoft/sp-http":{"type":"component","version":"1.3.0","id":"c07208f0-ea3b-4c1a-9965-ac1b825211a6"},"react-dom":{"type":"component","version":"15.4.2","id":"aa0a46ec-1505-43cd-a44a-93f3a5aa460a"}}}}